,day,month,year,temp_max,temp_min,atm_avg,hum_max,hum_min,date
0,1,1,2019,26,6,1020,96,48,1/1/2019
1,2,1,2019,24,8,1020,94,58,1/2/2019
2,3,1,2019,25,8,1021,94,54,1/3/2019
3,4,1,2019,23,8,1020,95,57,1/4/2019
4,5,1,2019,24,10,1018,88,54,1/5/2019
5,6,1,2019,20,9,1016,92,72,1/6/2019
6,7,1,2019,21,11,1019,92,66,1/7/2019
7,8,1,2019,22,9,1017,92,54,1/8/2019
8,9,1,2019,21,8,1018,97,52,1/9/2019
9,10,1,2019,23,6,1017,94,61,1/10/2019
10,11,1,2019,22,6,1018,97,53,1/11/2019
11,12,1,2019,22,7,1017,94,54,1/12/2019
12,13,1,2019,22,7,1019,94,62,1/13/2019
13,14,1,2019,22,8,1019,91,44,1/14/2019
14,15,1,2019,21,3,1019,92,45,1/15/2019
15,16,1,2019,24,5,1025,90,47,1/16/2019
16,17,1,2019,24,6,1017,96,45,1/17/2019
17,18,1,2019,23,7,1017,90,54,1/18/2019
18,19,1,2019,26,7,1017,94,50,1/19/2019
19,20,1,2019,28,9,1016,92,48,1/20/2019
20,21,1,2019,27,10,1012,94,52,1/21/2019
21,22,1,2019,22,15,1013,96,80,1/22/2019
22,23,1,2019,20,13,1016,96,48,1/23/2019
23,24,1,2019,19,13,1018,96,37,1/24/2019
24,25,1,2019,19,12,1019,88,73,1/25/2019
25,26,1,2019,18,10,1021,92,63,1/26/2019
26,27,1,2019,18,8,1022,82,52,1/27/2019
27,28,1,2019,20,6,766,91,43,1/28/2019
28,29,1,2019,20,6,893,90,42,1/29/2019
29,30,1,2019,22,5,1019,92,57,1/30/2019
30,31,1,2019,23,9,1017,88,46,1/31/2019
31,1,2,2019,23,10,1017,89,59,2/1/2019
32,2,2,2019,18,11,1018,95,78,2/2/2019
33,3,2,2019,22,10,1019,94,58,2/3/2019
34,4,2,2019,23,10,1020,95,60,2/4/2019
35,5,2,2019,21,13,1017,91,57,2/5/2019
36,6,2,2019,27,13,1012,96,66,2/6/2019
37,7,2,2019,24,14,1011,95,70,2/7/2019
38,8,2,2019,23,12,1015,78,37,2/8/2019
39,9,2,2019,21,10,1019,84,46,2/9/2019
40,10,2,2019,23,8,1020,90,43,2/10/2019
41,11,2,2019,23,8,1021,90,42,2/11/2019
42,12,2,2019,25,11,1020,88,43,2/12/2019
43,13,2,2019,26,11,1019,90,46,2/13/2019
44,14,2,2019,26,17,1014,89,62,2/14/2019
45,15,2,2019,25,15,1014,89,57,2/15/2019
46,16,2,2019,22,13,1017,91,44,2/16/2019
47,17,2,2019,24,11,1014,95,42,2/17/2019
48,18,2,2019,27,13,1010,83,49,2/18/2019
49,19,2,2019,29,16,1012,70,38,2/19/2019
50,20,2,2019,30,18,1016,82,47,2/20/2019
51,21,2,2019,32,18,1014,86,46,2/21/2019
52,22,2,2019,26,17,1015,88,62,2/22/2019
53,23,2,2019,25,13,1015,72,30,2/23/2019
54,24,2,2019,22,10,1012,86,56,2/24/2019
55,25,2,2019,26,11,1011,92,19,2/25/2019
56,26,2,2019,24,12,1010,82,51,2/26/2019
57,27,2,2019,22,11,1011,98,48,2/27/2019
58,28,2,2019,23,9,1015,95,32,2/28/2019
59,1,3,2019,24,10,1016,88,30,3/1/2019
60,2,3,2019,21,11,1015,86,64,3/2/2019
61,3,3,2019,23,13,1012,88,54,3/3/2019
62,4,3,2019,26,14,1008,95,54,3/4/2019
63,5,3,2019,26,15,1010,89,31,3/5/2019
64,6,3,2019,26,12,1011,90,30,3/6/2019
65,7,3,2019,28,12,1012,82,22,3/7/2019
66,8,3,2019,30,12,1013,74,24,3/8/2019
67,9,3,2019,29,16,1011,74,29,3/9/2019
68,10,3,2019,28,18,506,64,0,3/10/2019
69,11,3,2019,30,15,1012,70,32,3/11/2019
70,12,3,2019,30,18,1013,65,30,3/12/2019
71,13,3,2019,28,16,1015,68,28,3/13/2019
72,14,3,2019,30,16,1014,78,26,3/14/2019
73,15,3,2019,29,15,1016,74,31,3/15/2019
74,16,3,2019,28,14,1016,78,27,3/16/2019
75,17,3,2019,29,15,1014,73,28,3/17/2019
76,18,3,2019,31,14,1013,82,25,3/18/2019
77,19,3,2019,32,15,1010,74,26,3/19/2019
78,20,3,2019,35,19,1008,63,29,3/20/2019
79,21,3,2019,32,20,1010,66,31,3/21/2019
80,22,3,2019,32,19,1013,70,22,3/22/2019
81,23,3,2019,32,16,1013,66,20,3/23/2019
82,24,3,2019,35,17,1011,70,18,3/24/2019
83,25,3,2019,34,19,1010,64,29,3/25/2019
84,26,3,2019,32,20,1013,68,24,3/26/2019
85,27,3,2019,34,16,1014,70,22,3/27/2019
86,28,3,2019,37,18,885,65,22,3/28/2019
87,29,3,2019,40,21,1007,63,21,3/29/2019
88,30,3,2019,40,21,1006,66,22,3/30/2019
89,31,3,2019,36,23,1007,52,28,3/31/2019
90,1,4,2019,36,20,1008,42,16,4/1/2019
91,2,4,2019,38,19,1009,61,16,4/2/2019
92,3,4,2019,40,20,1007,52,16,4/3/2019
93,4,4,2019,40,21,1008,58,17,4/4/2019
94,5,4,2019,41,22,1006,56,19,4/5/2019
95,6,4,2019,41,28,754,42,0,4/6/2019
96,7,4,2019,39,25,1004,48,26,4/7/2019
97,8,4,2019,38,23,1006,76,28,4/8/2019
98,9,4,2019,40,23,1004,66,20,4/9/2019
99,10,4,2019,39,25,1006,64,26,4/10/2019
100,11,4,2019,40,25,1006,60,20,4/11/2019
101,12,4,2019,39,25,1006,60,22,4/12/2019
102,13,4,2019,41,25,1007,56,29,4/13/2019
103,14,4,2019,41,25,1007,61,20,4/14/2019
104,15,4,2019,41,24,1006,67,20,4/15/2019
105,16,4,2019,31,19,1011,81,38,4/16/2019
106,17,4,2019,31,19,1011,93,50,4/17/2019
107,18,4,2019,33,19,1010,88,46,4/18/2019
108,19,4,2019,33,21,1008,84,33,4/19/2019
109,20,4,2019,36,20,1006,76,28,4/20/2019
110,21,4,2019,38,20,1005,78,24,4/21/2019
111,22,4,2019,40,23,1004,58,18,4/22/2019
112,23,4,2019,41,24,1005,62,30,4/23/2019
113,24,4,2019,42,26,1006,63,18,4/24/2019
114,25,4,2019,42,27,1005,48,16,4/25/2019
115,26,4,2019,42,25,1005,50,22,4/26/2019
116,27,4,2019,42,28,1005,47,17,4/27/2019
117,28,4,2019,42,26,1004,46,20,4/28/2019
118,29,4,2019,43,25,1002,50,20,4/29/2019
119,30,4,2019,44,26,1000,47,16,4/30/2019
120,1,5,2019,42,29,999,36,15,5/1/2019
121,2,5,2019,42,26,999,44,15,5/2/2019
122,3,5,2019,37,29,1003,51,33,5/3/2019
123,4,5,2019,40,28,1005,47,22,5/4/2019
124,5,5,2019,41,26,1006,40,12,5/5/2019
125,6,5,2019,42,24,1004,37,12,5/6/2019
126,7,5,2019,43,25,1002,39,12,5/7/2019
127,8,5,2019,43,26,1002,46,12,5/8/2019
128,9,5,2019,42,32,1002,23,14,5/9/2019
129,10,5,2019,41,30,1002,43,16,5/10/2019
130,11,5,2019,40,28,1004,46,21,5/11/2019
131,12,5,2019,38,26,1004,50,29,5/12/2019
132,13,5,2019,42,26,1003,56,31,5/13/2019
133,14,5,2019,38,27,1004,51,29,5/14/2019
134,15,5,2019,41,25,1004,80,34,5/15/2019
135,16,5,2019,39,25,1005,66,26,5/16/2019
136,17,5,2019,39,27,1005,57,18,5/17/2019
137,18,5,2019,36,27,1005,49,30,5/18/2019
138,19,5,2019,40,24,1006,62,20,5/19/2019
139,20,5,2019,41,24,1006,56,15,5/20/2019
140,21,5,2019,43,27,1005,52,22,5/21/2019
141,22,5,2019,41,27,1002,65,27,5/22/2019
142,23,5,2019,42,26,1001,89,26,5/23/2019
143,24,5,2019,41,26,1002,82,30,5/24/2019
144,25,5,2019,40,28,1003,61,20,5/25/2019
145,26,5,2019,42,26,1001,62,18,5/26/2019
146,27,5,2019,43,27,1001,52,17,5/27/2019
147,28,5,2019,44,27,1001,55,15,5/28/2019
148,29,5,2019,45,27,999,48,16,5/29/2019
149,30,5,2019,47,28,998,44,14,5/30/2019
150,31,5,2019,45,33,998,40,19,5/31/2019
151,1,6,2019,46,30,998,46,20,6/1/2019
152,2,6,2019,46,31,997,50,18,6/2/2019
153,3,6,2019,43,33,998,56,26,6/3/2019
154,4,6,2019,44,32,998,54,26,6/4/2019
155,5,6,2019,45,31,998,58,24,6/5/2019
156,6,6,2019,47,31,998,58,18,6/6/2019
157,7,6,2019,44,31,1001,58,26,6/7/2019
158,8,6,2019,44,32,1000,58,21,6/8/2019
159,9,6,2019,47,26,997,56,16,6/9/2019
160,10,6,2019,47,30,994,50,17,6/10/2019
161,11,6,2019,47,32,994,44,22,6/11/2019
162,12,6,2019,38,33,997,54,46,6/12/2019
163,13,6,2019,37,28,999,81,50,6/13/2019
164,14,6,2019,43,30,997,68,33,6/14/2019
165,15,6,2019,42,32,997,57,34,6/15/2019
166,16,6,2019,35,27,999,92,48,6/16/2019
167,17,6,2019,36,29,999,74,56,6/17/2019
168,18,6,2019,35,28,1001,76,52,6/18/2019
169,19,6,2019,28,24,1001,96,82,6/19/2019
170,20,6,2019,33,24,1001,100,60,6/20/2019
171,21,6,2019,38,26,1000,90,44,6/21/2019
172,22,6,2019,39,28,999,81,50,6/22/2019
173,23,6,2019,37,28,999,74,48,6/23/2019
174,24,6,2019,38,28,1000,77,50,6/24/2019
175,25,6,2019,39,29,1000,86,42,6/25/2019
176,26,6,2019,37,28,999,86,50,6/26/2019
177,27,6,2019,41,32,995,60,44,6/27/2019
178,28,6,2019,41,31,995,62,35,6/28/2019
179,29,6,2019,41,32,994,52,30,6/29/2019
180,30,6,2019,39,26,996,72,49,6/30/2019
181,1,7,2019,39,28,996,75,42,7/1/2019
182,2,7,2019,37,26,996,96,49,7/2/2019
183,3,7,2019,34,27,997,95,66,7/3/2019
184,4,7,2019,33,28,995,92,72,7/4/2019
185,5,7,2019,31,25,994,96,90,7/5/2019
186,6,7,2019,31,26,746,95,0,7/6/2019
187,7,7,2019,34,26,994,98,68,7/7/2019
188,8,7,2019,33,27,996,90,79,7/8/2019
189,9,7,2019,30,25,996,98,87,7/9/2019
190,10,7,2019,34,27,994,90,65,7/10/2019
191,11,7,2019,34,29,996,70,60,7/11/2019
192,12,7,2019,36,29,998,70,53,7/12/2019
193,13,7,2019,35,29,999,68,56,7/13/2019
194,14,7,2019,36,29,997,66,45,7/14/2019
195,15,7,2019,36,30,997,66,47,7/15/2019
196,16,7,2019,36,30,999,64,46,7/16/2019
197,17,7,2019,37,29,1000,72,56,7/17/2019
198,18,7,2019,36,27,1000,77,56,7/18/2019
199,19,7,2019,36,28,1000,81,55,7/19/2019
200,20,7,2019,36,28,1000,81,56,7/20/2019
201,21,7,2019,38,28,1000,94,54,7/21/2019
202,22,7,2019,38,27,996,93,56,7/22/2019
203,23,7,2019,38,26,998,90,45,7/23/2019
204,24,7,2019,39,27,997,83,53,7/24/2019
205,25,7,2019,30,26,999,92,86,7/25/2019
206,26,7,2019,30,27,996,91,84,7/26/2019
207,27,7,2019,32,27,997,92,77,7/27/2019
208,28,7,2019,31,27,997,95,80,7/28/2019
209,29,7,2019,32,27,998,92,68,7/29/2019
210,30,7,2019,33,27,997,91,70,7/30/2019
211,31,7,2019,32,28,997,88,70,7/31/2019
212,1,8,2019,33,28,997,90,76,8/1/2019
213,2,8,2019,33,27,997,95,78,8/2/2019
214,3,8,2019,32,27,996,94,84,8/3/2019
215,4,8,2019,34,28,996,94,69,8/4/2019
216,5,8,2019,35,28,994,94,74,8/5/2019
217,6,8,2019,34,26,995,97,84,8/6/2019
218,7,8,2019,31,26,994,96,86,8/7/2019
219,8,8,2019,33,27,993,95,68,8/8/2019
220,9,8,2019,30,27,994,89,80,8/9/2019
221,10,8,2019,33,26,997,92,68,8/10/2019
222,11,8,2019,34,28,999,90,66,8/11/2019
223,12,8,2019,35,26,999,90,62,8/12/2019
224,13,8,2019,31,26,999,96,78,8/13/2019
225,14,8,2019,31,26,1000,98,80,8/14/2019
226,15,8,2019,28,25,997,95,84,8/15/2019
227,16,8,2019,29,25,997,98,80,8/16/2019
228,17,8,2019,28,26,1000,94,84,8/17/2019
229,18,8,2019,28,25,1003,93,88,8/18/2019
230,19,8,2019,33,26,1004,94,65,8/19/2019
231,20,8,2019,34,27,1003,85,64,8/20/2019
232,21,8,2019,34,27,1002,83,69,8/21/2019
233,22,8,2019,30,26,877,88,76,8/22/2019
234,23,8,2019,34,25,1002,94,61,8/23/2019
235,24,8,2019,32,25,1002,97,81,8/24/2019
236,25,8,2019,29,25,1002,98,94,8/25/2019
237,26,8,2019,32,26,1001,98,73,8/26/2019
238,27,8,2019,32,26,1000,96,78,8/27/2019
239,28,8,2019,33,26,1001,97,74,8/28/2019
240,29,8,2019,34,26,1003,94,76,8/29/2019
241,30,8,2019,34,26,1000,95,70,8/30/2019
242,31,8,2019,34,28,999,94,81,8/31/2019
243,1,9,2019,33,27,1000,90,74,9/1/2019
244,2,9,2019,34,26,1001,93,71,9/2/2019
245,3,9,2019,34,28,1000,92,66,9/3/2019
246,4,9,2019,33,28,999,94,78,9/4/2019
247,5,9,2019,34,27,998,95,72,9/5/2019
248,6,9,2019,33,28,1000,92,78,9/6/2019
249,7,9,2019,30,26,999,97,83,9/7/2019
250,8,9,2019,33,27,1000,96,82,9/8/2019
251,9,9,2019,32,27,999,96,84,9/9/2019
252,10,9,2019,35,27,998,92,71,9/10/2019
253,11,9,2019,36,28,1000,93,70,9/11/2019
254,12,9,2019,32,27,1002,92,82,9/12/2019
255,13,9,2019,31,26,751,96,0,9/13/2019
256,14,9,2019,30,26,752,94,0,9/14/2019
257,15,9,2019,29,26,1003,96,90,9/15/2019
258,16,9,2019,33,26,1002,97,74,9/16/2019
259,17,9,2019,34,26,1004,92,70,9/17/2019
260,18,9,2019,32,26,1007,93,72,9/18/2019
261,19,9,2019,28,25,1009,95,84,9/19/2019
262,20,9,2019,30,24,1008,95,82,9/20/2019
263,21,9,2019,33,24,1006,92,78,9/21/2019
264,22,9,2019,31,24,1008,93,76,9/22/2019
265,23,9,2019,25,23,1010,98,94,9/23/2019
266,24,9,2019,28,24,1009,96,88,9/24/2019
267,25,9,2019,29,24,1010,96,88,9/25/2019
268,26,9,2019,28,25,1010,96,84,9/26/2019
269,27,9,2019,30,24,1009,96,81,9/27/2019
270,28,9,2019,28,25,1007,93,86,9/28/2019
271,29,9,2019,30,25,1009,93,82,9/29/2019
272,30,9,2019,32,24,1008,93,82,9/30/2019
273,1,10,2019,29,25,1007,96,86,10/1/2019
274,2,10,2019,31,24,1008,95,77,10/2/2019
275,3,10,2019,32,23,1009,93,68,10/3/2019
276,4,10,2019,33,23,1009,90,71,10/4/2019
277,5,10,2019,32,23,1010,91,76,10/5/2019
278,6,10,2019,33,24,1010,89,66,10/6/2019
279,7,10,2019,32,23,1011,92,66,10/7/2019
280,8,10,2019,32,21,1011,89,58,10/8/2019
281,9,10,2019,33,22,1011,89,55,10/9/2019
282,10,10,2019,33,21,1010,90,55,10/10/2019
283,11,10,2019,33,22,1010,84,48,10/11/2019
284,12,10,2019,33,19,1012,86,50,10/12/2019
285,13,10,2019,34,20,1011,84,52,10/13/2019
286,14,10,2019,34,21,1012,86,50,10/14/2019
287,15,10,2019,33,20,1013,89,56,10/15/2019
288,16,10,2019,33,20,1013,88,55,10/16/2019
289,17,10,2019,33,20,1013,90,57,10/17/2019
290,18,10,2019,33,20,1013,88,56,10/18/2019
291,19,10,2019,31,21,1014,90,64,10/19/2019
292,20,10,2019,29,23,1014,90,68,10/20/2019
293,21,10,2019,30,20,1012,91,59,10/21/2019
294,22,10,2019,31,17,1010,88,48,10/22/2019
295,23,10,2019,32,16,1009,88,46,10/23/2019
296,24,10,2019,33,17,1010,85,44,10/24/2019
297,25,10,2019,31,17,1011,89,52,10/25/2019
298,26,10,2019,30,18,1013,88,56,10/26/2019
299,27,10,2019,29,18,1012,88,62,10/27/2019
300,28,10,2019,29,19,1013,88,68,10/28/2019
301,29,10,2019,31,19,1013,88,58,10/29/2019
302,30,10,2019,28,19,1013,88,71,10/30/2019
303,31,10,2019,22,18,506,88,0,10/31/2019
304,1,11,2019,33,17,1011,86,52,11/1/2019
305,2,11,2019,33,17,1012,90,54,11/2/2019
306,3,11,2019,26,21,1014,88,72,11/3/2019
307,4,11,2019,31,19,1014,90,58,11/4/2019
308,5,11,2019,31,18,1012,92,43,11/5/2019
309,6,11,2019,30,17,1010,84,53,11/6/2019
310,7,11,2019,29,18,1010,82,65,11/7/2019
311,8,11,2019,31,18,1012,88,46,11/8/2019
312,9,11,2019,31,17,1013,87,49,11/9/2019
313,10,11,2019,30,16,1013,85,48,11/10/2019
314,11,11,2019,30,15,1012,90,51,11/11/2019
315,12,11,2019,30,16,1013,88,56,11/12/2019
316,13,11,2019,30,17,1015,90,62,11/13/2019
317,14,11,2019,26,17,1016,86,63,11/14/2019
318,15,11,2019,29,16,1015,87,52,11/15/2019
319,16,11,2019,28,18,1015,84,52,11/16/2019
320,17,11,2019,29,18,1015,77,52,11/17/2019
321,18,11,2019,28,16,1015,90,54,11/18/2019
322,19,11,2019,27,14,1014,89,51,11/19/2019
323,20,11,2019,28,13,1011,91,50,11/20/2019
324,21,11,2019,28,14,1016,88,48,11/21/2019
325,22,11,2019,26,13,1016,87,58,11/22/2019
326,23,11,2019,28,13,1016,90,44,11/23/2019
327,24,11,2019,28,15,1015,92,54,11/24/2019
328,25,11,2019,26,16,1016,90,58,11/25/2019
329,26,11,2019,28,14,1015,89,54,11/26/2019
330,27,11,2019,28,15,1014,92,59,11/27/2019
331,28,11,2019,30,17,1014,93,60,11/28/2019
332,29,11,2019,24,17,1016,91,73,11/29/2019
333,30,11,2019,25,16,1016,93,67,11/30/2019
334,1,12,2019,24,15,1016,92,64,12/1/2019
335,2,12,2019,24,12,1017,92,52,12/2/2019
336,3,12,2019,25,9,1018,92,42,12/3/2019
337,4,12,2019,25,8,1019,94,42,12/4/2019
338,5,12,2019,23,9,1021,87,50,12/5/2019
339,6,12,2019,23,10,1020,92,58,12/6/2019
340,7,12,2019,23,13,1019,90,60,12/7/2019
341,8,12,2019,24,11,1019,93,61,12/8/2019
342,9,12,2019,23,11,1018,93,55,12/9/2019
343,10,12,2019,24,10,1016,92,56,12/10/2019
344,11,12,2019,24,11,1014,90,57,12/11/2019
345,12,12,2019,20,13,1012,91,78,12/12/2019
346,13,12,2019,23,14,1012,92,74,12/13/2019
347,14,12,2019,20,13,1019,94,76,12/14/2019
348,15,12,2019,21,12,1019,91,54,12/15/2019
349,16,12,2019,14,10,1020,94,86,12/16/2019
350,17,12,2019,15,6,1022,93,69,12/17/2019
351,18,12,2019,16,7,1020,90,64,12/18/2019
352,19,12,2019,16,6,1019,96,64,12/19/2019
353,20,12,2019,20,7,1016,93,60,12/20/2019
354,21,12,2019,22,9,1017,89,51,12/21/2019
355,22,12,2019,21,9,1018,96,48,12/22/2019
356,23,12,2019,21,7,1017,92,50,12/23/2019
357,24,12,2019,15,9,1019,92,74,12/24/2019
358,25,12,2019,16,8,1018,94,74,12/25/2019
359,26,12,2019,15,6,1018,94,62,12/26/2019
360,27,12,2019,14,4,1019,94,69,12/27/2019
361,28,12,2019,10,5,1020,96,86,12/28/2019
362,29,12,2019,12,4,1020,90,66,12/29/2019
363,30,12,2019,7,3,1020,96,86,12/30/2019
364,31,12,2019,11,6,1020,90,70,12/31/2019
365,1,1,2020,16,6,1021,94,72,1/1/2020
366,2,1,2020,20,8,1020,94,66,1/2/2020
367,3,1,2020,20,11,1017,93,70,1/3/2020
368,4,1,2020,19,11,1017,96,74,1/4/2020
369,5,1,2020,22,11,1018,95,56,1/5/2020
370,6,1,2020,24,9,1019,92,49,1/6/2020
371,7,1,2020,25,13,1015,88,41,1/7/2020
372,8,1,2020,19,14,1013,89,74,1/8/2020
373,9,1,2020,15,8,1020,90,68,1/9/2020
374,10,1,2020,18,7,1020,93,51,1/10/2020
375,11,1,2020,21,5,1020,92,40,1/11/2020
376,12,1,2020,23,6,1019,88,44,1/12/2020
377,13,1,2020,26,7,1012,92,50,1/13/2020
378,14,1,2020,18,12,1015,94,78,1/14/2020
379,15,1,2020,18,12,1016,94,81,1/15/2020
380,16,1,2020,16,15,887,96,93,1/16/2020
381,17,1,2020,19,11,889,93,74,1/17/2020
382,18,1,2020,16,9,1018,96,85,1/18/2020
383,19,1,2020,19,10,764,89,0,1/19/2020
384,20,1,2020,18,8,1019,93,58,1/20/2020
385,21,1,2020,21,9,1019,92,54,1/21/2020
386,22,1,2020,20,8,1020,93,58,1/22/2020
387,23,1,2020,21,9,1020,91,34,1/23/2020
388,24,1,2020,22,9,1017,79,35,1/24/2020
389,25,1,2020,21,7,1017,89,44,1/25/2020
390,26,1,2020,25,8,1015,90,42,1/26/2020
391,27,1,2020,26,11,1012,90,48,1/27/2020
392,28,1,2020,25,12,1010,90,52,1/28/2020
393,29,1,2020,21,13,1016,92,60,1/29/2020
394,30,1,2020,21,9,1017,90,41,1/30/2020
395,31,1,2020,22,8,1016,90,42,1/31/2020
396,1,2,2020,22,8,1018,91,38,2/1/2020
397,2,2,2020,21,8,1020,90,44,2/2/2020
398,3,2,2020,21,7,1019,89,42,2/3/2020
399,4,2,2020,22,8,1016,90,44,2/4/2020
400,5,2,2020,23,10,1017,89,42,2/5/2020
401,6,2,2020,22,10,1016,92,40,2/6/2020
402,7,2,2020,22,11,1018,88,48,2/7/2020
403,8,2,2020,21,9,1021,95,42,2/8/2020
404,9,2,2020,22,8,1021,92,45,2/9/2020
405,10,2,2020,23,8,1020,91,36,2/10/2020
406,11,2,2020,24,8,1019,88,38,2/11/2020
407,12,2,2020,26,9,1019,90,36,2/12/2020
408,13,2,2020,29,12,1015,87,30,2/13/2020
409,14,2,2020,27,17,1013,65,36,2/14/2020
410,15,2,2020,26,12,1013,78,27,2/15/2020
411,16,2,2020,28,10,1016,84,29,2/16/2020
412,17,2,2020,28,11,1017,85,38,2/17/2020
413,18,2,2020,29,10,1014,90,26,2/18/2020
414,19,2,2020,29,12,1013,86,32,2/19/2020
415,20,2,2020,29,15,1011,85,46,2/20/2020
416,21,2,2020,27,17,1014,84,58,2/21/2020
417,22,2,2020,22,14,1018,92,73,2/22/2020
418,23,2,2020,25,14,1017,96,60,2/23/2020
419,24,2,2020,26,14,1013,92,57,2/24/2020
420,25,2,2020,26,14,1012,91,45,2/25/2020
421,26,2,2020,28,15,1013,89,41,2/26/2020
422,27,2,2020,26,17,1013,80,42,2/27/2020
423,28,2,2020,19,18,1012,76,45,2/28/2020
424,29,2,2020,20,18,1010,79,50,2/29/2020
425,1,3,2020,29,16,1011,88,48,3/1/2020
426,2,3,2020,30,17,1011,92,50,3/2/2020
427,3,3,2020,29,19,1009,88,50,3/3/2020
428,4,3,2020,22,17,1010,88,78,3/4/2020
429,5,3,2020,26,15,1009,94,58,3/5/2020
430,6,3,2020,27,16,1007,100,55,3/6/2020
431,7,3,2020,25,16,1013,92,48,3/7/2020
432,8,3,2020,26,15,1015,94,41,3/8/2020
433,9,3,2020,27,13,1013,89,32,3/9/2020
434,10,3,2020,23,14,1012,86,62,3/10/2020
435,11,3,2020,29,16,1008,86,41,3/11/2020
436,12,3,2020,29,18,1011,79,34,3/12/2020
437,13,3,2020,29,16,1012,78,22,3/13/2020
438,14,3,2020,27,19,1013,87,50,3/14/2020
439,15,3,2020,26,15,1014,85,40,3/15/2020
440,16,3,2020,26,14,1015,87,40,3/16/2020
441,17,3,2020,28,14,1015,83,36,3/17/2020
442,18,3,2020,31,15,1013,84,34,3/18/2020
443,19,3,2020,33,16,1010,81,31,3/19/2020
444,20,3,2020,34,17,1008,78,28,3/20/2020
445,21,3,2020,32,19,1009,90,36,3/21/2020
446,22,3,2020,33,19,1010,84,26,3/22/2020
447,23,3,2020,32,19,1010,76,42,3/23/2020
448,24,3,2020,34,19,1008,84,32,3/24/2020
449,25,3,2020,34,22,1009,72,29,3/25/2020
450,26,3,2020,33,22,1010,74,37,3/26/2020
451,27,3,2020,24,19,1013,87,72,3/27/2020
452,28,3,2020,30,18,1012,92,41,3/28/2020
453,29,3,2020,31,17,1010,80,26,3/29/2020
454,30,3,2020,33,17,1011,80,28,3/30/2020
455,31,3,2020,35,17,1009,72,24,3/31/2020
456,1,4,2020,36,20,1008,66,23,4/1/2020
457,2,4,2020,33,22,1009,60,22,4/2/2020
458,3,4,2020,33,19,1010,62,14,4/3/2020
459,4,4,2020,34,17,1010,61,22,4/4/2020
460,5,4,2020,35,18,1010,71,20,4/5/2020
461,6,4,2020,37,20,1009,61,17,4/6/2020
462,7,4,2020,38,20,1007,71,19,4/7/2020
463,8,4,2020,36,25,755,36,0,4/8/2020
464,9,4,2020,36,23,756,47,0,4/9/2020
465,10,4,2020,36,18,1010,66,20,4/10/2020
466,11,4,2020,39,27,757,38,0,4/11/2020
467,12,4,2020,38,26,756,48,0,4/12/2020
468,13,4,2020,39,22,1006,65,22,4/13/2020
469,14,4,2020,40,27,1007,51,22,4/14/2020
470,15,4,2020,39,27,754,31,0,4/15/2020
471,16,4,2020,40,25,1004,42,18,4/16/2020
472,17,4,2020,38,27,1004,46,27,4/17/2020
473,18,4,2020,39,24,1005,55,19,4/18/2020
474,19,4,2020,36,24,1005,60,25,4/19/2020
475,20,4,2020,31,23,1007,59,31,4/20/2020
476,21,4,2020,35,20,1007,73,24,4/21/2020
477,22,4,2020,36,22,1006,63,21,4/22/2020
478,23,4,2020,35,24,1005,50,27,4/23/2020
479,24,4,2020,38,23,1003,75,24,4/24/2020
480,25,4,2020,37,25,1003,56,28,4/25/2020
481,26,4,2020,38,22,1006,76,36,4/26/2020
482,27,4,2020,34,20,1009,86,38,4/27/2020
483,28,4,2020,35,24,1008,78,34,4/28/2020
484,29,4,2020,38,25,0,0,0,4/29/2020
485,30,4,2020,31,27,251,41,0,4/30/2020
486,1,5,2020,40,28,1004,57,21,5/1/2020
487,2,5,2020,40,26,1003,63,24,5/2/2020
488,3,5,2020,39,21,1004,90,42,5/3/2020
489,4,5,2020,35,22,1006,91,40,5/4/2020
490,5,5,2020,36,23,1005,88,34,5/5/2020
491,6,5,2020,37,24,1005,70,24,5/6/2020
492,7,5,2020,36,23,1005,64,30,5/7/2020
493,8,5,2020,41,24,1003,69,19,5/8/2020
494,9,5,2020,41,26,1003,66,20,5/9/2020
495,10,5,2020,40,25,1005,68,39,5/10/2020
496,11,5,2020,38,23,1006,84,34,5/11/2020
497,12,5,2020,38,27,1005,56,31,5/12/2020
498,13,5,2020,36,26,1004,63,32,5/13/2020
499,14,5,2020,41,25,1003,68,26,5/14/2020
500,15,5,2020,40,29,1003,59,26,5/15/2020
501,16,5,2020,40,27,1003,61,21,5/16/2020
502,17,5,2020,42,25,1001,58,20,5/17/2020
503,18,5,2020,42,27,1000,55,13,5/18/2020
504,19,5,2020,42,25,999,56,11,5/19/2020
505,20,5,2020,41,25,998,46,24,5/20/2020
506,21,5,2020,42,24,999,46,33,5/21/2020
507,22,5,2020,44,25,999,47,11,5/22/2020
508,23,5,2020,45,31,1000,34,13,5/23/2020
509,24,5,2020,45,30,1000,46,13,5/24/2020
510,25,5,2020,45,30,1000,37,12,5/25/2020
511,26,5,2020,45,29,999,40,18,5/26/2020
512,27,5,2020,46,32,996,36,16,5/27/2020
513,28,5,2020,43,30,997,46,25,5/28/2020
514,29,5,2020,39,26,1002,79,34,5/29/2020
515,30,5,2020,34,24,1004,81,54,5/30/2020
516,31,5,2020,36,24,1006,90,46,5/31/2020
517,1,6,2020,37,24,1005,82,35,6/1/2020
518,2,6,2020,38,30,753,60,0,6/2/2020
519,3,6,2020,36,28,1002,66,40,6/3/2020
520,4,6,2020,32,24,1002,88,63,6/4/2020
521,5,6,2020,34,22,1002,88,43,6/5/2020
522,6,6,2020,35,23,1001,91,45,6/6/2020
523,7,6,2020,38,27,1001,84,48,6/7/2020
524,8,6,2020,38,27,1000,75,42,6/8/2020
525,9,6,2020,40,29,999,68,30,6/9/2020
526,10,6,2020,42,30,998,64,30,6/10/2020
527,11,6,2020,39,30,998,67,37,6/11/2020
528,12,6,2020,40,30,996,77,36,6/12/2020
529,13,6,2020,41,30,996,69,36,6/13/2020
530,14,6,2020,37,29,998,82,58,6/14/2020
531,15,6,2020,40,29,997,77,40,6/15/2020
532,16,6,2020,41,29,994,71,32,6/16/2020
533,17,6,2020,41,30,994,71,32,6/17/2020
534,18,6,2020,42,30,994,65,29,6/18/2020
535,19,6,2020,41,31,996,64,38,6/19/2020
536,20,6,2020,39,30,999,64,36,6/20/2020
537,21,6,2020,38,30,998,66,40,6/21/2020
538,22,6,2020,38,29,998,68,39,6/22/2020
539,23,6,2020,36,26,1000,96,60,6/23/2020
540,24,6,2020,33,27,1001,92,74,6/24/2020
541,25,6,2020,36,27,999,88,56,6/25/2020
542,26,6,2020,39,30,998,70,48,6/26/2020
543,27,6,2020,35,29,999,70,62,6/27/2020
544,28,6,2020,40,30,997,68,39,6/28/2020
545,29,6,2020,40,28,997,64,32,6/29/2020
546,30,6,2020,38,28,999,74,50,6/30/2020
547,1,7,2020,39,30,997,78,46,7/1/2020
548,2,7,2020,40,30,996,74,42,7/2/2020
549,3,7,2020,42,32,995,66,40,7/3/2020
550,4,7,2020,39,30,995,72,50,7/4/2020
551,5,7,2020,35,29,996,78,58,7/5/2020
552,6,7,2020,33,29,996,81,60,7/6/2020
553,7,7,2020,31,27,998,96,76,7/7/2020
554,8,7,2020,34,28,750,92,0,7/8/2020
555,9,7,2020,36,28,997,93,65,7/9/2020
556,10,7,2020,35,28,996,90,55,7/10/2020
557,11,7,2020,34,30,996,78,62,7/11/2020
558,12,7,2020,35,27,997,89,69,7/12/2020
559,13,7,2020,37,28,997,84,50,7/13/2020
560,14,7,2020,37,29,998,82,53,7/14/2020
561,15,7,2020,35,27,998,78,60,7/15/2020
562,16,7,2020,34,28,997,90,74,7/16/2020
563,17,7,2020,37,28,998,94,50,7/17/2020
564,18,7,2020,38,30,999,83,58,7/18/2020
565,19,7,2020,36,30,998,86,60,7/19/2020
566,20,7,2020,34,25,997,96,82,7/20/2020
567,21,7,2020,35,26,1000,91,70,7/21/2020
568,22,7,2020,34,27,1001,92,68,7/22/2020
569,23,7,2020,35,26,1000,94,56,7/23/2020
570,24,7,2020,35,30,752,74,0,7/24/2020
571,25,7,2020,33,28,1004,90,73,7/25/2020
572,26,7,2020,34,27,1004,92,64,7/26/2020
573,27,7,2020,37,29,1002,82,52,7/27/2020
574,28,7,2020,35,28,1000,88,62,7/28/2020
575,29,7,2020,30,26,1001,93,86,7/29/2020
576,30,7,2020,34,26,1002,94,62,7/30/2020
577,31,7,2020,34,28,1001,90,70,7/31/2020
578,1,8,2020,35,28,1001,90,68,8/1/2020
579,2,8,2020,36,28,998,92,60,8/2/2020
580,3,8,2020,33,27,995,80,64,8/3/2020
581,4,8,2020,35,25,993,96,65,8/4/2020
582,5,8,2020,31,26,993,97,76,8/5/2020
583,6,8,2020,30,26,994,92,80,8/6/2020
584,7,8,2020,33,27,999,95,67,8/7/2020
585,8,8,2020,35,27,997,95,72,8/8/2020
586,9,8,2020,33,27,997,92,80,8/9/2020
587,10,8,2020,32,27,997,93,84,8/10/2020
588,11,8,2020,35,26,997,98,70,8/11/2020
589,12,8,2020,31,26,873,97,81,8/12/2020
590,13,8,2020,31,27,996,94,83,8/13/2020
591,14,8,2020,31,26,995,98,81,8/14/2020
592,15,8,2020,31,26,996,94,79,8/15/2020
593,16,8,2020,34,28,997,96,71,8/16/2020
594,17,8,2020,34,26,996,96,68,8/17/2020
595,18,8,2020,35,28,997,91,68,8/18/2020
596,19,8,2020,31,27,998,96,85,8/19/2020
597,20,8,2020,30,26,999,96,84,8/20/2020
598,21,8,2020,30,27,1000,90,79,8/21/2020
599,22,8,2020,31,26,997,92,78,8/22/2020
600,23,8,2020,30,25,998,95,76,8/23/2020
601,24,8,2020,31,26,1001,89,68,8/24/2020
602,25,8,2020,32,26,1003,90,68,8/25/2020
603,26,8,2020,32,26,1004,88,78,8/26/2020
604,27,8,2020,32,28,1002,83,71,8/27/2020
605,28,8,2020,33,27,1000,93,73,8/28/2020
606,29,8,2020,30,26,999,94,82,8/29/2020
607,30,8,2020,29,26,999,95,84,8/30/2020
608,31,8,2020,32,25,1004,95,65,8/31/2020
609,1,9,2020,33,25,879,90,40,9/1/2020
610,2,9,2020,31,28,754,84,0,9/2/2020
611,3,9,2020,31,25,1005,97,84,9/3/2020
612,4,9,2020,34,26,1005,95,64,9/4/2020
613,5,9,2020,34,27,1004,91,60,9/5/2020
614,6,9,2020,35,27,1003,87,58,9/6/2020
615,7,9,2020,35,27,877,86,56,9/7/2020
616,8,9,2020,35,27,1004,89,60,9/8/2020
617,9,9,2020,36,28,1003,90,53,9/9/2020
618,10,9,2020,37,28,1001,88,55,9/10/2020
619,11,9,2020,36,28,1002,84,47,9/11/2020
620,12,9,2020,37,27,1004,86,45,9/12/2020
621,13,9,2020,37,28,1003,85,48,9/13/2020
622,14,9,2020,37,28,1002,87,56,9/14/2020
623,15,9,2020,37,28,1002,86,48,9/15/2020
624,16,9,2020,37,27,1002,85,52,9/16/2020
625,17,9,2020,38,27,1001,82,52,9/17/2020
626,18,9,2020,37,29,1001,77,51,9/18/2020
627,19,9,2020,38,28,1000,80,48,9/19/2020
628,20,9,2020,36,27,999,87,53,9/20/2020
629,21,9,2020,35,28,998,84,59,9/21/2020
630,22,9,2020,34,28,999,77,56,9/22/2020
631,23,9,2020,32,27,999,88,70,9/23/2020
632,24,9,2020,35,27,1002,88,58,9/24/2020
633,25,9,2020,37,25,1002,90,44,9/25/2020
634,26,9,2020,37,25,1002,79,47,9/26/2020
635,27,9,2020,34,27,1005,74,51,9/27/2020
636,28,9,2020,37,26,1005,78,39,9/28/2020
637,29,9,2020,37,24,1005,78,30,9/29/2020
638,30,9,2020,37,23,1004,81,39,9/30/2020
639,1,10,2020,37,22,1004,66,34,10/1/2020
640,2,10,2020,37,22,1004,79,32,10/2/2020
641,3,10,2020,36,21,1005,74,29,10/3/2020
642,4,10,2020,36,21,1006,75,34,10/4/2020
643,5,10,2020,35,19,1006,80,35,10/5/2020
644,6,10,2020,36,19,1006,80,28,10/6/2020
645,7,10,2020,36,20,1008,80,27,10/7/2020
646,8,10,2020,35,20,1008,76,32,10/8/2020
647,9,10,2020,35,19,1009,81,34,10/9/2020
648,10,10,2020,35,20,1007,80,34,10/10/2020
649,11,10,2020,35,20,1005,82,46,10/11/2020
650,12,10,2020,36,20,1004,84,40,10/12/2020
651,13,10,2020,35,22,1004,82,54,10/13/2020
652,14,10,2020,34,25,1005,78,48,10/14/2020
653,15,10,2020,35,23,1006,82,51,10/15/2020
654,16,10,2020,35,24,1006,71,40,10/16/2020
655,17,10,2020,35,22,1007,81,48,10/17/2020
656,18,10,2020,35,22,1007,84,44,10/18/2020
657,19,10,2020,31,23,1007,75,50,10/19/2020
658,20,10,2020,33,20,1007,72,31,10/20/2020
659,21,10,2020,35,17,1008,72,32,10/21/2020
660,22,10,2020,35,20,1006,66,34,10/22/2020
661,23,10,2020,35,18,1006,76,38,10/23/2020
662,24,10,2020,35,19,1007,76,36,10/24/2020
663,25,10,2020,35,18,1010,78,36,10/25/2020
664,26,10,2020,34,20,1011,69,34,10/26/2020
665,27,10,2020,33,17,1011,76,35,10/27/2020
666,28,10,2020,32,16,1012,77,37,10/28/2020
667,29,10,2020,33,15,1012,78,34,10/29/2020
668,30,10,2020,31,16,1012,78,36,10/30/2020
669,31,10,2020,30,15,1013,73,38,10/31/2020
670,1,11,2020,31,14,1014,76,31,11/1/2020
671,2,11,2020,30,12,1014,74,34,11/2/2020
672,3,11,2020,32,12,1014,68,24,11/3/2020
673,4,11,2020,31,12,1012,70,31,11/4/2020
674,5,11,2020,32,13,1014,75,30,11/5/2020
675,6,11,2020,33,13,1016,76,34,11/6/2020
676,7,11,2020,32,13,1017,77,30,11/7/2020
677,8,11,2020,31,13,1017,81,41,11/8/2020
678,9,11,2020,26,13,1016,86,50,11/9/2020
679,10,11,2020,28,13,1015,83,46,11/10/2020
680,11,11,2020,28,14,1016,79,44,11/11/2020
681,12,11,2020,30,13,1018,89,44,11/12/2020
682,13,11,2020,30,15,1016,86,48,11/13/2020
683,14,11,2020,31,14,1014,88,45,11/14/2020
684,15,11,2020,29,16,1013,97,58,11/15/2020
685,16,11,2020,23,18,1015,98,81,11/16/2020
686,17,11,2020,22,17,1014,92,80,11/17/2020
687,18,11,2020,24,16,1013,94,66,11/18/2020
688,19,11,2020,25,16,1013,93,64,11/19/2020
689,20,11,2020,25,13,1015,90,46,11/20/2020
690,21,11,2020,24,12,1016,85,44,11/21/2020
691,22,11,2020,24,10,1017,86,44,11/22/2020
692,23,11,2020,25,9,1017,88,42,11/23/2020
693,24,11,2020,25,9,1016,87,43,11/24/2020
694,25,11,2020,27,10,1016,88,46,11/25/2020
695,26,11,2020,24,12,1018,86,53,11/26/2020
696,27,11,2020,25,13,1020,89,49,11/27/2020
697,28,11,2020,26,11,1019,92,42,11/28/2020
698,29,11,2020,26,10,1018,92,46,11/29/2020
699,30,11,2020,27,9,1017,90,42,11/30/2020
700,1,12,2020,27,11,1017,88,44,12/1/2020
701,2,12,2020,27,11,1015,90,43,12/2/2020
702,3,12,2020,29,11,1014,86,42,12/3/2020
703,4,12,2020,31,11,1012,88,39,12/4/2020
704,5,12,2020,30,12,1013,88,46,12/5/2020
705,6,12,2020,30,14,1015,89,47,12/6/2020
706,7,12,2020,29,14,1016,89,47,12/7/2020
707,8,12,2020,29,12,1017,88,48,12/8/2020
708,9,12,2020,30,12,1014,92,46,12/9/2020
709,10,12,2020,31,14,1014,92,44,12/10/2020
710,11,12,2020,25,13,1014,88,62,12/11/2020
711,12,12,2020,25,17,1014,91,67,12/12/2020
712,13,12,2020,21,14,1014,96,68,12/13/2020
713,14,12,2020,21,11,1016,86,56,12/14/2020
714,15,12,2020,19,12,1018,83,54,12/15/2020
715,16,12,2020,21,10,1020,82,41,12/16/2020
716,17,12,2020,20,9,1020,86,43,12/17/2020
717,18,12,2020,20,5,1019,87,38,12/18/2020
718,19,12,2020,24,5,1019,90,36,12/19/2020
719,20,12,2020,23,6,1019,84,41,12/20/2020
720,21,12,2020,25,7,1017,85,37,12/21/2020
721,22,12,2020,23,8,1016,89,48,12/22/2020
722,23,12,2020,24,10,1015,90,46,12/23/2020
723,24,12,2020,24,8,1015,92,47,12/24/2020
724,25,12,2020,22,8,1017,93,45,12/25/2020
725,26,12,2020,25,7,1016,92,46,12/26/2020
726,27,12,2020,25,8,1013,90,46,12/27/2020
727,28,12,2020,20,8,1016,83,34,12/28/2020
728,29,12,2020,20,5,1018,86,44,12/29/2020
729,30,12,2020,19,5,1019,86,42,12/30/2020
730,31,12,2020,16,6,1019,92,59,12/31/2020
731,1,1,2021,20,6,1017,90,52,1/1/2021
732,2,1,2021,17,9,1016,88,72,1/2/2021
733,3,1,2021,24,13,1014,98,62,1/3/2021
734,4,1,2021,24,15,1014,80,58,1/4/2021
735,5,1,2021,27,14,1014,86,54,1/5/2021
736,6,1,2021,25,16,1014,89,64,1/6/2021
737,7,1,2021,19,16,1014,94,83,1/7/2021
738,8,1,2021,20,15,1014,89,74,1/8/2021
739,9,1,2021,21,14,1015,94,68,1/9/2021
740,10,1,2021,22,14,1015,84,58,1/10/2021
741,11,1,2021,21,10,1016,78,42,1/11/2021
742,12,1,2021,22,6,1017,86,31,1/12/2021
743,13,1,2021,22,5,1016,86,35,1/13/2021
744,14,1,2021,24,5,1016,85,37,1/14/2021
745,15,1,2021,24,6,1014,91,44,1/15/2021
746,16,1,2021,24,7,1013,89,46,1/16/2021
747,17,1,2021,20,8,1015,94,67,1/17/2021
748,18,1,2021,21,11,1015,91,58,1/18/2021
749,19,1,2021,22,11,1013,94,62,1/19/2021
750,20,1,2021,26,10,1014,91,38,1/20/2021
751,21,1,2021,26,9,1013,88,30,1/21/2021
752,22,1,2021,26,7,1014,90,16,1/22/2021
753,23,1,2021,23,10,1013,92,55,1/23/2021
754,24,1,2021,15,11,1016,93,81,1/24/2021
755,25,1,2021,17,9,1018,92,58,1/25/2021
756,26,1,2021,17,8,1018,97,59,1/26/2021
757,27,1,2021,20,7,1017,94,46,1/27/2021
758,28,1,2021,21,7,1018,88,48,1/28/2021
759,29,1,2021,19,7,1019,96,41,1/29/2021
760,30,1,2021,23,5,1017,92,28,1/30/2021
761,31,1,2021,25,6,1017,87,26,1/31/2021
762,1,2,2021,27,7,1019,86,32,2/1/2021
763,2,2,2021,28,8,1017,87,32,2/2/2021
764,3,2,2021,29,10,1015,85,37,2/3/2021
765,4,2,2021,27,15,1014,75,46,2/4/2021
766,5,2,2021,23,13,1017,87,56,2/5/2021
767,6,2,2021,23,12,1018,91,41,2/6/2021
768,7,2,2021,23,11,1018,86,39,2/7/2021
769,8,2,2021,25,8,1018,90,38,2/8/2021
770,9,2,2021,29,10,1014,89,34,2/9/2021
771,10,2,2021,30,12,1012,87,35,2/10/2021
772,11,2,2021,29,14,1013,82,30,2/11/2021
773,12,2,2021,27,11,1014,90,40,2/12/2021
774,13,2,2021,28,11,1014,89,38,2/13/2021
775,14,2,2021,29,11,1014,89,36,2/14/2021
776,15,2,2021,30,12,1012,91,35,2/15/2021
777,16,2,2021,27,15,1011,82,40,2/16/2021
778,17,2,2021,28,14,1013,86,44,2/17/2021
779,18,2,2021,28,13,1016,87,40,2/18/2021
780,19,2,2021,28,13,1018,89,36,2/19/2021
781,20,2,2021,29,13,1018,79,22,2/20/2021
782,21,2,2021,30,11,1017,82,28,2/21/2021
783,22,2,2021,31,11,1015,79,24,2/22/2021
784,23,2,2021,33,14,1012,76,22,2/23/2021
785,24,2,2021,34,14,1010,76,26,2/24/2021
786,25,2,2021,34,16,1009,72,26,2/25/2021
787,26,2,2021,34,16,1007,66,24,2/26/2021
788,27,2,2021,33,20,1007,63,29,2/27/2021
789,28,2,2021,33,18,1009,74,28,2/28/2021
790,1,3,2021,32,16,1013,70,27,3/1/2021
791,2,3,2021,31,12,1014,77,18,3/2/2021
792,3,3,2021,32,13,1012,71,17,3/3/2021
793,4,3,2021,34,14,1011,71,18,3/4/2021
794,5,3,2021,32,15,1011,70,20,3/5/2021
795,6,3,2021,34,14,1010,61,18,3/6/2021
796,7,3,2021,35,17,1009,60,22,3/7/2021
797,8,3,2021,35,19,1009,64,28,3/8/2021
798,9,3,2021,33,21,1011,70,40,3/9/2021
799,10,3,2021,34,20,1011,86,28,3/10/2021
800,11,3,2021,36,18,1012,74,22,3/11/2021
801,12,3,2021,24,12,1015,82,52,3/12/2021
802,13,3,2021,31,16,1015,66,31,3/13/2021
803,14,3,2021,33,16,1012,76,29,3/14/2021
804,15,3,2021,34,17,1011,74,26,3/15/2021
805,16,3,2021,34,19,1011,73,28,3/16/2021
806,17,3,2021,36,19,1009,71,24,3/17/2021
807,18,3,2021,37,19,1009,66,20,3/18/2021
808,19,3,2021,33,24,1009,51,31,3/19/2021
809,20,3,2021,34,22,1008,56,28,3/20/2021
810,21,3,2021,37,19,1007,67,24,3/21/2021
811,22,3,2021,36,19,1010,62,26,3/22/2021
812,23,3,2021,33,19,1011,71,33,3/23/2021
813,24,3,2021,33,19,1012,68,31,3/24/2021
814,25,3,2021,33,20,1012,65,18,3/25/2021
815,26,3,2021,33,16,1010,75,23,3/26/2021
816,27,3,2021,36,18,1009,66,25,3/27/2021
817,28,3,2021,38,19,1006,68,18,3/28/2021
818,29,3,2021,40,20,1003,58,15,3/29/2021
819,30,3,2021,40,24,874,36,8,3/30/2021
820,31,3,2021,37,24,1002,34,11,3/31/2021
821,1,4,2021,37,21,1002,40,10,4/1/2021
822,2,4,2021,36,17,1005,54,10,4/2/2021
823,3,4,2021,36,17,1007,46,12,4/3/2021
824,4,4,2021,38,17,1008,48,12,4/4/2021
825,5,4,2021,40,19,1007,50,16,4/5/2021
826,6,4,2021,39,25,1005,42,10,4/6/2021
827,7,4,2021,38,25,1007,52,18,4/7/2021
828,8,4,2021,38,23,1007,44,18,4/8/2021
829,9,4,2021,37,20,1008,40,19,4/9/2021
830,10,4,2021,38,19,1009,44,10,4/10/2021
831,11,4,2021,38,19,1010,48,12,4/11/2021
832,12,4,2021,40,23,1010,46,14,4/12/2021
833,13,4,2021,41,22,1008,45,9,4/13/2021
834,14,4,2021,41,22,1007,47,14,4/14/2021
835,15,4,2021,40,25,1006,39,17,4/15/2021
836,16,4,2021,40,23,1005,48,15,4/16/2021
837,17,4,2021,37,24,1008,49,19,4/17/2021
838,18,4,2021,38,23,1009,56,16,4/18/2021
839,19,4,2021,40,22,1005,53,12,4/19/2021
840,20,4,2021,40,22,1003,48,20,4/20/2021
841,21,4,2021,37,24,1007,50,22,4/21/2021
842,22,4,2021,35,21,1009,62,20,4/22/2021
843,23,4,2021,40,22,1006,50,14,4/23/2021
844,24,4,2021,36,23,1007,68,18,4/24/2021
845,25,4,2021,37,20,1008,46,16,4/25/2021
846,26,4,2021,40,20,1007,50,14,4/26/2021
847,27,4,2021,42,21,1005,43,13,4/27/2021
848,28,4,2021,44,22,1006,46,14,4/28/2021
849,29,4,2021,42,25,1005,40,20,4/29/2021
850,30,4,2021,41,25,1005,43,21,4/30/2021
851,1,5,2021,42,28,1005,48,25,5/1/2021
852,2,5,2021,34,26,1007,66,29,5/2/2021
853,3,5,2021,36,25,1006,55,34,5/3/2021
854,4,5,2021,40,25,1003,55,20,5/4/2021
855,5,5,2021,40,25,1003,56,19,5/5/2021
856,6,5,2021,40,26,1005,60,27,5/6/2021
857,7,5,2021,37,24,1007,68,39,5/7/2021
858,8,5,2021,40,24,1006,69,28,5/8/2021
859,9,5,2021,38,27,1005,63,39,5/9/2021
860,10,5,2021,39,23,1003,88,32,5/10/2021
861,11,5,2021,37,25,1002,66,42,5/11/2021
862,12,5,2021,40,25,1000,65,34,5/12/2021
863,13,5,2021,36,25,1002,69,34,5/13/2021
864,14,5,2021,36,24,1002,77,36,5/14/2021
865,15,5,2021,39,26,1002,62,28,5/15/2021
866,16,5,2021,41,26,1003,60,26,5/16/2021
867,17,5,2021,32,24,1006,94,52,5/17/2021
868,18,5,2021,30,21,1005,90,66,5/18/2021
869,19,5,2021,29,23,1001,96,78,5/19/2021
870,20,5,2021,29,24,1001,93,75,5/20/2021
871,21,5,2021,34,23,1004,90,48,5/21/2021
872,22,5,2021,36,25,1003,88,30,5/22/2021
873,23,5,2021,36,24,1004,80,33,5/23/2021
874,24,5,2021,36,25,1004,65,24,5/24/2021
875,25,5,2021,38,25,1001,66,20,5/25/2021
876,26,5,2021,41,25,998,64,18,5/26/2021
877,27,5,2021,40,25,998,58,22,5/27/2021
878,28,5,2021,39,26,1001,76,38,5/28/2021
879,29,5,2021,38,27,1003,65,39,5/29/2021
880,30,5,2021,39,28,1001,71,39,5/30/2021
881,31,5,2021,41,27,998,72,34,5/31/2021
882,1,6,2021,37,27,1001,64,42,6/1/2021
883,2,6,2021,39,28,1002,66,30,6/2/2021
884,3,6,2021,40,27,1003,53,24,6/3/2021
885,4,6,2021,40,29,1003,56,31,6/4/2021
886,5,6,2021,37,30,1002,58,38,6/5/2021
887,6,6,2021,39,29,1002,62,31,6/6/2021
888,7,6,2021,41,31,999,50,24,6/7/2021
889,8,6,2021,42,33,997,44,26,6/8/2021
890,9,6,2021,42,34,995,47,30,6/9/2021
891,10,6,2021,39,31,995,52,39,6/10/2021
892,11,6,2021,40,27,996,66,37,6/11/2021
893,12,6,2021,39,28,997,64,42,6/12/2021
894,13,6,2021,37,26,998,91,59,6/13/2021
895,14,6,2021,38,27,995,80,41,6/14/2021
896,15,6,2021,39,26,993,86,42,6/15/2021
897,16,6,2021,36,27,995,86,51,6/16/2021
898,17,6,2021,38,27,997,80,44,6/17/2021
899,18,6,2021,37,28,997,81,54,6/18/2021
900,19,6,2021,37,27,997,84,44,6/19/2021
901,20,6,2021,35,27,999,81,52,6/20/2021
902,21,6,2021,37,28,1000,74,44,6/21/2021
903,22,6,2021,40,29,999,74,41,6/22/2021
904,23,6,2021,40,30,999,94,33,6/23/2021
905,24,6,2021,40,28,999,76,42,6/24/2021
906,25,6,2021,39,28,999,66,34,6/25/2021
907,26,6,2021,39,28,1000,66,40,6/26/2021
908,27,6,2021,39,29,1003,76,42,6/27/2021
909,28,6,2021,40,30,1001,70,36,6/28/2021
910,29,6,2021,42,30,998,68,26,6/29/2021
911,30,6,2021,42,33,996,47,28,6/30/2021
912,1,7,2021,40,33,994,54,33,7/1/2021
913,2,7,2021,40,28,997,92,48,7/2/2021
914,3,7,2021,39,26,999,90,52,7/3/2021
915,4,7,2021,39,28,1001,84,42,7/4/2021
916,5,7,2021,40,30,1000,65,37,7/5/2021
917,6,7,2021,41,31,999,58,35,7/6/2021
918,7,7,2021,41,31,997,58,35,7/7/2021
919,8,7,2021,41,31,997,65,31,7/8/2021
920,9,7,2021,38,30,998,66,44,7/9/2021
921,10,7,2021,37,30,997,70,60,7/10/2021
922,11,7,2021,36,27,999,86,64,7/11/2021
923,12,7,2021,35,28,1001,90,68,7/12/2021
924,13,7,2021,37,27,1000,94,46,7/13/2021
925,14,7,2021,39,30,999,74,45,7/14/2021
926,15,7,2021,39,30,999,70,40,7/15/2021
927,16,7,2021,40,30,1001,68,39,7/16/2021
928,17,7,2021,40,27,1000,91,50,7/17/2021
929,18,7,2021,33,26,999,96,63,7/18/2021
930,19,7,2021,29,26,997,100,90,7/19/2021
931,20,7,2021,32,27,748,94,0,7/20/2021
932,21,7,2021,33,27,996,95,71,7/21/2021
933,22,7,2021,33,27,994,95,80,7/22/2021
934,23,7,2021,30,27,747,96,0,7/23/2021
935,24,7,2021,34,27,996,89,64,7/24/2021
936,25,7,2021,34,27,995,95,58,7/25/2021
937,26,7,2021,35,27,994,98,59,7/26/2021
938,27,7,2021,28,25,995,98,87,7/27/2021
939,28,7,2021,27,25,997,96,87,7/28/2021
940,29,7,2021,29,26,997,96,85,7/29/2021
941,30,7,2021,27,26,997,96,92,7/30/2021
942,31,7,2021,31,26,997,95,76,7/31/2021
943,2,8,2021,26,26,995,98,95,8/2/2021
944,3,8,2021,27,25,995,97,92,8/3/2021
945,4,8,2021,26,25,748,96,0,8/4/2021
946,5,8,2021,27,25,997,95,82,8/5/2021
947,6,8,2021,30,26,997,96,83,8/6/2021
948,7,8,2021,34,26,1000,95,83,8/7/2021
949,8,8,2021,33,27,1002,96,72,8/8/2021
950,9,8,2021,33,27,752,94,0,8/9/2021
951,10,8,2021,32,26,1002,90,47,8/10/2021
952,11,8,2021,33,26,1002,84,65,8/11/2021
953,12,8,2021,34,28,1003,84,59,8/12/2021
954,13,8,2021,34,27,1001,83,54,8/13/2021
955,14,8,2021,35,27,999,81,56,8/14/2021
956,15,8,2021,34,28,1001,76,55,8/15/2021
957,16,8,2021,34,27,752,75,0,8/16/2021
958,17,8,2021,36,29,1002,82,46,8/17/2021
959,18,8,2021,37,28,1000,81,50,8/18/2021
960,19,8,2021,37,28,999,88,62,8/19/2021
961,20,8,2021,37,25,1002,92,80,8/20/2021
962,21,8,2021,31,26,1003,97,90,8/21/2021
963,22,8,2021,28,26,1003,95,62,8/22/2021
964,23,8,2021,34,26,1002,87,65,8/23/2021
965,24,8,2021,33,28,1001,82,65,8/24/2021
966,25,8,2021,35,29,999,75,64,8/25/2021
967,26,8,2021,35,29,999,74,58,8/26/2021
968,27,8,2021,34,28,1000,83,52,8/27/2021
969,28,8,2021,35,26,1000,85,52,8/28/2021
970,29,8,2021,36,28,1002,98,74,8/29/2021
971,30,8,2021,33,25,1004,98,84,8/30/2021
972,31,8,2021,32,25,1005,98,80,8/31/2021
973,1,9,2021,31,25,1004,96,70,9/1/2021
974,2,9,2021,33,27,1003,94,69,9/2/2021
975,3,9,2021,35,27,1002,88,73,9/3/2021
976,4,9,2021,32,27,1002,91,72,9/4/2021
977,5,9,2021,34,27,1002,93,70,9/5/2021
978,6,9,2021,34,26,1003,92,73,9/6/2021
979,7,9,2021,34,27,1003,93,69,9/7/2021
980,8,9,2021,33,27,1002,87,73,9/8/2021
981,9,9,2021,31,27,1001,92,75,9/9/2021
982,10,9,2021,33,26,1001,93,46,9/10/2021
983,11,9,2021,29,26,1001,94,74,9/11/2021
984,12,9,2021,32,26,999,93,66,9/12/2021
985,13,9,2021,34,26,1000,95,76,9/13/2021
986,14,9,2021,33,25,1001,96,74,9/14/2021
987,15,9,2021,33,25,1002,88,82,9/15/2021
988,16,9,2021,26,27,999,96,81,9/16/2021
989,17,9,2021,26,24,999,98,94,9/17/2021
990,18,9,2021,26,24,1003,96,84,9/18/2021
991,19,9,2021,28,25,1006,92,70,9/19/2021
992,20,9,2021,32,26,1004,91,68,9/20/2021
993,21,9,2021,34,26,1003,90,69,9/21/2021
994,22,9,2021,34,26,1003,96,74,9/22/2021
995,23,9,2021,31,25,1004,92,64,9/23/2021
996,24,9,2021,32,25,1004,93,80,9/24/2021
997,25,9,2021,30,26,1004,94,72,9/25/2021
998,26,9,2021,32,26,1003,94,74,9/26/2021
999,27,9,2021,33,26,1004,92,80,9/27/2021
1000,28,9,2021,32,26,1005,93,70,9/28/2021
1001,29,9,2021,33,25,1006,90,64,9/29/2021
1002,30,9,2021,34,26,1008,92,67,9/30/2021
1003,1,10,2021,33,26,1008,89,55,10/1/2021
1004,2,10,2021,34,25,1006,89,66,10/2/2021
1005,3,10,2021,35,26,1005,81,56,10/3/2021
1006,4,10,2021,35,26,753,86,0,10/4/2021
1007,5,10,2021,32,27,1007,90,64,10/5/2021
1008,6,10,2021,34,26,1007,90,62,10/6/2021
1009,7,10,2021,34,27,1005,90,52,10/7/2021
1010,8,10,2021,35,25,1005,90,44,10/8/2021
1011,9,10,2021,36,23,1005,86,42,10/9/2021
1012,10,10,2021,37,22,1006,84,58,10/10/2021
1013,11,10,2021,32,22,1005,88,43,10/11/2021
1014,12,10,2021,37,22,1005,89,43,10/12/2021
1015,13,10,2021,36,22,1006,89,40,10/13/2021
1016,14,10,2021,36,21,1006,75,38,10/14/2021
1017,15,10,2021,33,19,1004,84,44,10/15/2021
1018,16,10,2021,34,18,1004,84,59,10/16/2021
1019,17,10,2021,33,20,1004,92,66,10/17/2021
1020,18,10,2021,35,24,1003,98,94,10/18/2021
1021,19,10,2021,26,23,1007,92,62,10/19/2021
1022,20,10,2021,30,22,1010,86,51,10/20/2021
1023,21,10,2021,32,22,1010,86,42,10/21/2021
1024,22,10,2021,32,18,1011,83,46,10/22/2021
1025,23,10,2021,33,19,1012,89,52,10/23/2021
1026,24,10,2021,32,19,1013,92,48,10/24/2021
1027,25,10,2021,32,21,1013,87,54,10/25/2021
1028,26,10,2021,31,20,1013,92,52,10/26/2021
1029,27,10,2021,30,18,1015,96,46,10/27/2021
1030,28,10,2021,30,16,1015,87,48,10/28/2021
1031,29,10,2021,29,15,1016,90,58,10/29/2021
1032,30,10,2021,28,15,1016,88,44,10/30/2021
1033,31,10,2021,29,15,1014,90,42,10/31/2021
1034,1,11,2021,31,14,1013,89,46,11/1/2021
1035,2,11,2021,32,14,1014,89,42,11/2/2021
1036,3,11,2021,32,14,760,91,0,11/3/2021
1037,4,11,2021,30,15,1013,87,49,11/4/2021
1038,5,11,2021,31,16,1013,90,54,11/5/2021
1039,6,11,2021,29,14,1012,90,50,11/6/2021
1040,7,11,2021,29,13,1012,91,43,11/7/2021
1041,8,11,2021,31,14,1013,90,41,11/8/2021
1042,9,11,2021,30,14,1014,88,61,11/9/2021
1043,10,11,2021,28,14,1014,92,41,11/10/2021
1044,11,11,2021,29,13,1013,91,50,11/11/2021
1045,12,11,2021,29,12,1013,94,52,11/12/2021
1046,13,11,2021,29,12,1013,90,46,11/13/2021
1047,14,11,2021,28,13,1012,89,42,11/14/2021
1048,15,11,2021,28,11,1012,90,43,11/15/2021
1049,16,11,2021,27,11,1013,92,44,11/16/2021
1050,17,11,2021,27,10,1015,92,57,11/17/2021
1051,18,11,2021,25,10,1013,93,71,11/18/2021
1052,19,11,2021,22,14,1011,92,59,11/19/2021
1053,20,11,2021,25,17,1012,91,86,11/20/2021
1054,21,11,2021,21,17,1013,94,52,11/21/2021
1055,22,11,2021,29,15,1013,89,38,11/22/2021
1056,23,11,2021,28,13,1012,88,38,11/23/2021
1057,24,11,2021,30,10,760,92,0,11/24/2021
1058,25,11,2021,29,11,1014,92,44,11/25/2021
1059,26,11,2021,29,10,1014,92,50,11/26/2021
1060,27,11,2021,29,11,1015,88,46,11/27/2021
1061,28,11,2021,29,13,1016,91,48,11/28/2021
1062,29,11,2021,29,13,1017,90,52,11/29/2021
1063,30,11,2021,27,12,1017,94,54,11/30/2021
1064,1,12,2021,25,11,1016,90,64,12/1/2021
1065,2,12,2021,23,13,1017,86,69,12/2/2021
1066,3,12,2021,20,16,1017,91,65,12/3/2021
1067,4,12,2021,21,13,1016,90,58,12/4/2021
1068,5,12,2021,26,11,1015,92,65,12/5/2021
1069,6,12,2021,25,13,1016,94,60,12/6/2021
1070,7,12,2021,26,15,1017,95,53,12/7/2021
1071,8,12,2021,24,13,1017,92,49,12/8/2021
1072,9,12,2021,25,10,1020,92,44,12/9/2021
1073,10,12,2021,24,9,1018,92,51,12/10/2021
1074,11,12,2021,23,9,765,92,0,12/11/2021
1075,12,12,2021,21,9,1019,90,48,12/12/2021
1076,13,12,2021,23,7,1018,90,48,12/13/2021
1077,14,12,2021,24,8,1017,90,58,12/14/2021
1078,15,12,2021,22,10,1017,91,58,12/15/2021
1079,16,12,2021,23,13,1017,94,59,12/16/2021
1080,17,12,2021,21,12,1020,82,44,12/17/2021
1081,18,12,2021,19,8,1021,86,38,12/18/2021
1082,19,12,2021,20,7,1021,92,36,12/19/2021
1083,20,12,2021,21,4,1019,90,27,12/20/2021
1084,21,12,2021,22,4,1017,86,38,12/21/2021
1085,22,12,2021,23,4,1015,92,44,12/22/2021
1086,23,12,2021,25,6,1014,92,46,12/23/2021
1087,24,12,2021,25,8,1013,90,47,12/24/2021
1088,25,12,2021,25,9,1015,92,49,12/25/2021
1089,26,12,2021,24,10,1017,96,58,12/26/2021
1090,27,12,2021,24,10,1018,93,60,12/27/2021
1091,28,12,2021,23,13,1018,93,89,12/28/2021
1092,29,12,2021,17,14,1019,92,58,12/29/2021
1093,30,12,2021,21,11,1022,95,58,12/30/2021
1094,31,12,2021,19,9,1023,97,56,12/31/2021
1095,1,1,2022,19,9,1022,92,52,1/1/2022
1096,2,1,2022,21,8,1020,90,52,1/2/2022
1097,3,1,2022,21,7,1018,96,49,1/3/2022
1098,4,1,2022,22,7,1017,92,36,1/4/2022
1099,5,1,2022,24,8,1016,92,75,1/5/2022
1100,6,1,2022,19,11,1016,98,91,1/6/2022
1101,7,1,2022,15,13,1016,98,87,1/7/2022
1102,8,1,2022,19,15,1015,96,78,1/8/2022
1103,9,1,2022,22,16,1014,93,88,1/9/2022
1104,10,1,2022,19,16,1017,91,75,1/10/2022
1105,11,1,2022,18,12,1017,92,62,1/11/2022
1106,12,1,2022,19,10,1018,92,70,1/12/2022
1107,13,1,2022,17,9,1017,94,60,1/13/2022
1108,14,1,2022,18,9,1018,89,54,1/14/2022
1109,15,1,2022,18,7,1020,96,76,1/15/2022
1110,16,1,2022,13,7,1021,92,68,1/16/2022
1111,17,1,2022,14,5,1021,92,74,1/17/2022
1112,18,1,2022,14,6,1019,93,72,1/18/2022
1113,19,1,2022,14,5,1016,96,76,1/19/2022
1114,20,1,2022,15,8,1013,94,82,1/20/2022
1115,21,1,2022,15,9,1012,95,80,1/21/2022
1116,22,1,2022,16,10,1007,94,75,1/22/2022
1117,23,1,2022,19,11,1009,93,60,1/23/2022
1118,24,1,2022,20,12,1014,92,54,1/24/2022
1119,25,1,2022,18,8,1015,91,46,1/25/2022
1120,26,1,2022,19,10,1016,88,56,1/26/2022
1121,27,1,2022,18,9,1017,91,46,1/27/2022
1122,28,1,2022,20,7,1017,91,28,1/28/2022
1123,29,1,2022,22,6,1017,86,36,1/29/2022
1124,30,1,2022,24,6,1012,90,26,1/30/2022
1125,31,1,2022,27,8,1011,86,39,1/31/2022
1126,1,2,2022,27,9,1010,92,44,2/1/2022
1127,2,2,2022,27,12,1011,87,36,2/2/2022
1128,3,2,2022,26,14,1006,88,39,2/3/2022
1129,4,2,2022,26,11,1010,92,44,2/4/2022
1130,5,2,2022,21,11,1014,86,36,2/5/2022
1131,6,2,2022,21,9,1015,88,42,2/6/2022
1132,7,2,2022,24,10,1015,88,42,2/7/2022
1133,8,2,2022,27,13,1012,86,42,2/8/2022
1134,9,2,2022,27,14,1014,89,66,2/9/2022
1135,10,2,2022,21,12,1017,94,46,2/10/2022
1136,11,2,2022,22,10,1016,88,32,2/11/2022
1137,12,2,2022,24,9,1015,89,27,2/12/2022
1138,13,2,2022,25,9,1013,83,24,2/13/2022
1139,14,2,2022,26,10,1013,84,28,2/14/2022
1140,15,2,2022,26,11,1013,85,32,2/15/2022
1141,16,2,2022,26,12,1011,86,26,2/16/2022
1142,17,2,2022,28,13,1010,81,26,2/17/2022
1143,18,2,2022,28,13,1012,82,30,2/18/2022
1144,19,2,2022,29,14,1013,83,38,2/19/2022
1145,20,2,2022,28,13,1008,83,23,2/20/2022
1146,21,2,2022,28,13,1008,82,38,2/21/2022
1147,22,2,2022,28,13,1010,86,36,2/22/2022
1148,23,2,2022,30,17,1012,74,40,2/23/2022
1149,24,2,2022,31,17,1014,83,36,2/24/2022
1150,25,2,2022,28,16,1015,87,35,2/25/2022
1151,26,2,2022,29,16,1015,74,46,2/26/2022
1152,27,2,2022,28,16,1016,86,47,2/27/2022
1153,28,2,2022,26,13,1016,76,29,2/28/2022
1154,1,3,2022,26,12,1016,81,34,3/1/2022
1155,2,3,2022,27,13,1016,86,34,3/2/2022
1156,3,3,2022,28,14,1015,84,30,3/3/2022
1157,4,3,2022,30,16,1014,81,41,3/4/2022
1158,5,3,2022,30,16,1014,77,30,3/5/2022
1159,6,3,2022,29,14,1013,82,32,3/6/2022
1160,7,3,2022,29,16,1014,79,34,3/7/2022
1161,8,3,2022,29,16,1013,86,30,3/8/2022
1162,9,3,2022,32,18,1011,72,30,3/9/2022
1163,10,3,2022,32,19,1012,64,26,3/10/2022
1164,11,3,2022,31,17,1012,80,28,3/11/2022
1165,12,3,2022,32,17,1011,80,22,3/12/2022
1166,13,3,2022,31,16,1010,72,27,3/13/2022
1167,14,3,2022,34,18,1009,72,30,3/14/2022
1168,15,3,2022,35,21,1006,76,32,3/15/2022
1169,16,3,2022,37,21,1005,78,28,3/16/2022
1170,17,3,2022,37,21,1005,73,32,3/17/2022
1171,18,3,2022,36,24,1006,81,39,3/18/2022
1172,19,3,2022,36,23,1004,79,33,3/19/2022
1173,20,3,2022,37,23,1003,73,19,3/20/2022
1174,21,3,2022,39,22,1005,50,22,3/21/2022
1175,22,3,2022,38,22,1006,63,23,3/22/2022
1176,23,3,2022,37,21,1006,64,26,3/23/2022
1177,24,3,2022,37,22,1004,61,30,3/24/2022
1178,25,3,2022,36,23,1005,52,19,3/25/2022
1179,26,3,2022,38,21,1008,62,22,3/26/2022
1180,27,3,2022,36,21,1008,60,16,3/27/2022
1181,28,3,2022,39,21,1006,58,16,3/28/2022
1182,29,3,2022,39,21,1004,50,13,3/29/2022
1183,30,3,2022,41,21,501,49,0,3/30/2022
1184,31,3,2022,41,22,1005,58,15,3/31/2022
1185,1,4,2022,41,23,1005,46,22,4/1/2022
1186,2,4,2022,39,20,1007,62,21,4/2/2022
1187,3,4,2022,39,19,1006,52,12,4/3/2022
1188,4,4,2022,41,21,1006,46,13,4/4/2022
1189,5,4,2022,41,22,1008,54,26,4/5/2022
1190,6,4,2022,40,21,1009,54,24,4/6/2022
1191,7,4,2022,41,21,756,50,0,4/7/2022
1192,8,4,2022,41,21,1005,49,16,4/8/2022
1193,9,4,2022,42,23,1003,48,20,4/9/2022
1194,10,4,2022,43,24,1003,47,18,4/10/2022
1195,11,4,2022,43,25,1002,48,15,4/11/2022
1196,12,4,2022,43,25,752,47,0,4/12/2022
1197,13,4,2022,41,26,1002,42,20,4/13/2022
1198,14,4,2022,41,24,500,40,0,4/14/2022
1199,15,4,2022,41,26,1001,48,17,4/15/2022
1200,16,4,2022,41,26,1000,46,18,4/16/2022
1201,17,4,2022,41,23,1001,50,11,4/17/2022
1202,18,4,2022,42,27,1003,44,18,4/18/2022
1203,19,4,2022,43,26,1005,47,20,4/19/2022
1204,20,4,2022,42,28,1004,52,21,4/20/2022
1205,21,4,2022,41,27,1005,56,34,4/21/2022
1206,22,4,2022,38,26,755,48,0,4/22/2022
1207,23,4,2022,39,25,1005,51,24,4/23/2022
1208,24,4,2022,41,25,1004,49,22,4/24/2022
1209,25,4,2022,41,25,752,53,0,4/25/2022
1210,26,4,2022,42,26,1003,52,21,4/26/2022
1211,27,4,2022,42,26,1003,51,22,4/27/2022
1212,28,4,2022,43,26,1003,54,24,4/28/2022
1213,29,4,2022,44,28,1002,51,20,4/29/2022
1214,30,4,2022,44,29,999,49,26,4/30/2022
1215,1,5,2022,44,27,749,46,0,5/1/2022
1216,2,5,2022,42,29,998,52,22,5/2/2022
1217,3,5,2022,42,29,1001,56,28,5/3/2022
1218,4,5,2022,41,29,1003,69,24,5/4/2022
1219,5,5,2022,42,27,1004,63,34,5/5/2022
1220,6,5,2022,39,29,1004,63,38,5/6/2022
1221,7,5,2022,40,28,1003,51,30,5/7/2022
1222,8,5,2022,41,27,1000,53,22,5/8/2022
1223,9,5,2022,42,32,1000,67,30,5/9/2022
1224,10,5,2022,41,31,1000,64,36,5/10/2022
1225,11,5,2022,41,29,998,68,35,5/11/2022
1226,12,5,2022,42,31,997,58,32,5/12/2022
1227,13,5,2022,43,29,994,72,23,5/13/2022
1228,14,5,2022,45,31,995,48,22,5/14/2022
1229,15,5,2022,46,30,997,37,27,5/15/2022
1230,16,5,2022,45,31,997,34,24,5/16/2022
1231,17,5,2022,43,30,997,40,24,5/17/2022
1232,18,5,2022,43,31,999,51,28,5/18/2022
1233,19,5,2022,43,31,999,58,31,5/19/2022
1234,20,5,2022,44,30,996,53,30,5/20/2022
1235,21,5,2022,46,32,994,52,28,5/21/2022
1236,22,5,2022,42,30,993,45,26,5/22/2022
1237,23,5,2022,39,25,996,69,50,5/23/2022
1238,24,5,2022,33,24,1003,71,39,5/24/2022
1239,25,5,2022,36,28,1002,75,28,5/25/2022
1240,26,5,2022,39,26,1001,73,28,5/26/2022
1241,27,5,2022,40,27,998,67,37,5/27/2022
1242,28,5,2022,41,29,996,48,28,5/28/2022
1243,29,5,2022,42,31,997,52,32,5/29/2022
1244,30,5,2022,42,30,997,50,16,5/30/2022
1245,31,5,2022,44,31,997,50,20,5/31/2022
1246,1,6,2022,43,29,998,55,24,6/1/2022
1247,2,6,2022,43,31,0,0,0,6/2/2022
1248,3,6,2022,45,30,0,0,0,6/3/2022
1249,4,6,2022,44,29,747,30,0,6/4/2022
1250,5,6,2022,45,29,997,40,18,6/5/2022
1251,6,6,2022,44,30,997,43,18,6/6/2022
1252,7,6,2022,44,34,996,30,25,6/7/2022
1253,8,6,2022,43,31,996,30,20,6/8/2022
1254,9,6,2022,44,30,996,36,29,6/9/2022
1255,10,6,2022,43,33,996,32,30,6/10/2022
1256,11,6,2022,43,33,996,41,28,6/11/2022
1257,12,6,2022,44,35,998,42,36,6/12/2022
1258,13,6,2022,43,36,1000,42,37,6/13/2022
1259,14,6,2022,41,33,999,50,38,6/14/2022
1260,15,6,2022,42,34,998,51,32,6/15/2022
1261,16,6,2022,40,27,1000,76,56,6/16/2022
1262,17,6,2022,36,27,1000,79,46,6/17/2022
1263,18,6,2022,37,28,1001,71,52,6/18/2022
1264,19,6,2022,34,24,1000,90,59,6/19/2022
1265,20,6,2022,36,25,998,92,52,6/20/2022
1266,21,6,2022,34,27,997,80,52,6/21/2022
1267,22,6,2022,35,27,1000,82,38,6/22/2022
1268,23,6,2022,39,30,1002,64,28,6/23/2022
1269,24,6,2022,39,28,999,62,20,6/24/2022
1270,25,6,2022,39,27,996,54,20,6/25/2022
1271,26,6,2022,41,30,997,56,40,6/26/2022
1272,27,6,2022,40,29,999,88,50,6/27/2022
1273,28,6,2022,38,30,996,83,43,6/28/2022
1274,29,6,2022,40,26,996,92,52,6/29/2022
1275,30,6,2022,38,26,997,87,80,6/30/2022
1276,1,7,2022,31,27,998,89,55,7/1/2022
1277,2,7,2022,34,27,996,88,54,7/2/2022
1278,3,7,2022,36,27,996,90,54,7/3/2022
1279,4,7,2022,37,27,996,89,56,7/4/2022
1280,5,7,2022,36,27,995,96,48,7/5/2022
1281,6,7,2022,38,29,998,90,59,7/6/2022
1282,7,7,2022,37,29,1000,92,50,7/7/2022
1283,8,7,2022,37,31,997,75,48,7/8/2022
1284,9,7,2022,38,28,996,81,58,7/9/2022
1285,10,7,2022,37,28,997,94,75,7/10/2022
1286,11,7,2022,34,27,998,97,50,7/11/2022
1287,12,7,2022,37,24,997,96,68,7/12/2022
1288,13,7,2022,36,27,995,95,55,7/13/2022
1289,14,7,2022,37,28,994,88,57,7/14/2022
1290,15,7,2022,35,27,996,80,42,7/15/2022
1291,16,7,2022,37,26,998,97,66,7/16/2022
1292,17,7,2022,33,28,1000,92,62,7/17/2022
1293,18,7,2022,36,28,998,88,53,7/18/2022
1294,19,7,2022,37,30,997,86,62,7/19/2022
1295,20,7,2022,36,26,998,98,72,7/20/2022
1296,21,7,2022,35,26,1001,94,70,7/21/2022
1297,22,7,2022,32,27,1001,96,85,7/22/2022
1298,23,7,2022,28,26,999,96,88,7/23/2022
1299,24,7,2022,31,27,999,96,72,7/24/2022
1300,25,7,2022,32,26,1002,98,84,7/25/2022
1301,26,7,2022,32,26,1003,96,74,7/26/2022
1302,27,7,2022,33,27,1003,96,72,7/27/2022
1303,28,7,2022,32,27,1005,96,81,7/28/2022
1304,29,7,2022,29,27,1004,98,83,7/29/2022
1305,30,7,2022,30,26,1003,96,68,7/30/2022
1306,31,7,2022,33,27,1000,86,57,7/31/2022
1307,1,8,2022,34,29,1000,80,60,8/1/2022
1308,2,8,2022,34,26,1000,97,78,8/2/2022
1309,3,8,2022,33,26,1001,97,81,8/3/2022
1310,4,8,2022,31,27,1001,99,82,8/4/2022
1311,5,8,2022,32,26,1000,96,70,8/5/2022
1312,6,8,2022,33,26,998,100,78,8/6/2022
1313,7,8,2022,34,25,998,100,99,8/7/2022
1314,8,8,2022,27,25,997,99,86,8/8/2022
1315,9,8,2022,33,26,996,99,67,8/9/2022
1316,10,8,2022,34,28,994,93,64,8/10/2022
1317,11,8,2022,33,27,995,86,78,8/11/2022
1318,12,8,2022,30,26,996,96,90,8/12/2022
1319,13,8,2022,28,26,997,96,83,8/13/2022
1320,14,8,2022,31,27,1000,94,90,8/14/2022
1321,15,8,2022,29,25,999,99,82,8/15/2022
1322,16,8,2022,30,24,998,100,80,8/16/2022
1323,17,8,2022,28,25,1002,93,70,8/17/2022
1324,18,8,2022,32,26,1002,88,66,8/18/2022
1325,19,8,2022,32,26,1001,89,65,8/19/2022
1326,20,8,2022,33,23,1002,100,92,8/20/2022
1327,21,8,2022,28,26,998,96,79,8/21/2022
1328,22,8,2022,33,26,995,86,71,8/22/2022
1329,23,8,2022,31,26,999,88,74,8/23/2022
1330,24,8,2022,30,26,1004,95,60,8/24/2022
1331,25,8,2022,33,26,1004,97,76,8/25/2022
1332,26,8,2022,31,26,1003,89,72,8/26/2022
1333,27,8,2022,32,27,1002,81,71,8/27/2022
1334,28,8,2022,33,28,1003,80,62,8/28/2022
1335,29,8,2022,33,26,1007,88,73,8/29/2022
1336,30,8,2022,31,26,1006,92,62,8/30/2022
1337,31,8,2022,34,27,1004,90,70,8/31/2022
1338,1,9,2022,34,26,1004,92,64,9/1/2022
1339,2,9,2022,35,26,1005,95,76,9/2/2022
1340,3,9,2022,32,26,1003,86,60,9/3/2022
1341,4,9,2022,35,28,1002,84,51,9/4/2022
1342,5,9,2022,36,28,1003,84,54,9/5/2022
1343,6,9,2022,35,27,1004,84,60,9/6/2022
1344,7,9,2022,35,27,1006,90,54,9/7/2022
1345,8,9,2022,36,27,1006,90,52,9/8/2022
1346,9,9,2022,36,26,1006,94,75,9/9/2022
1347,10,9,2022,33,26,1004,95,78,9/10/2022
1348,11,9,2022,33,27,1002,96,74,9/11/2022
1349,12,9,2022,33,27,999,94,62,9/12/2022
1350,13,9,2022,32,25,1000,98,74,9/13/2022
1351,14,9,2022,30,25,999,99,96,9/14/2022
1352,15,9,2022,27,26,998,98,95,9/15/2022
1353,16,9,2022,28,25,998,99,72,9/16/2022
1354,17,9,2022,31,24,1002,94,70,9/17/2022
1355,18,9,2022,33,25,1004,91,62,9/18/2022
1356,19,9,2022,33,26,1004,92,72,9/19/2022
1357,20,9,2022,32,24,1004,95,83,9/20/2022
1358,21,9,2022,28,24,1003,98,93,9/21/2022
1359,22,9,2022,26,24,1002,100,98,9/22/2022
1360,23,9,2022,27,25,1001,98,80,9/23/2022
1361,24,9,2022,29,25,1001,96,92,9/24/2022
1362,25,9,2022,27,25,1005,90,73,9/25/2022
1363,26,9,2022,32,26,1007,94,74,9/26/2022
1364,27,9,2022,32,26,1006,94,66,9/27/2022
1365,28,9,2022,33,24,1005,94,62,9/28/2022
1366,29,9,2022,34,24,1005,91,51,9/29/2022
1367,30,9,2022,35,26,1005,91,56,9/30/2022
1368,1,10,2022,34,25,1004,90,56,10/1/2022
1369,2,10,2022,34,24,1004,91,51,10/2/2022
1370,3,10,2022,36,24,1006,89,48,10/3/2022
1371,4,10,2022,35,24,1006,97,72,10/4/2022
1372,5,10,2022,33,25,1006,96,74,10/5/2022
1373,6,10,2022,31,24,1007,91,85,10/6/2022
1374,7,10,2022,27,23,1007,100,88,10/7/2022
1375,8,10,2022,26,24,756,100,0,10/8/2022
1376,9,10,2022,27,24,1008,99,80,10/9/2022
1377,10,10,2022,31,24,1010,98,87,10/10/2022
1378,11,10,2022,28,23,1008,97,76,10/11/2022
1379,12,10,2022,30,22,1010,94,70,10/12/2022
1380,13,10,2022,31,21,1011,92,64,10/13/2022
1381,14,10,2022,31,20,1011,92,58,10/14/2022
1382,15,10,2022,31,20,1010,92,53,10/15/2022
1383,16,10,2022,31,21,1013,92,56,10/16/2022
1384,17,10,2022,31,20,1013,88,58,10/17/2022
1385,18,10,2022,32,20,1011,90,54,10/18/2022
1386,19,10,2022,33,19,1011,91,52,10/19/2022
1387,20,10,2022,33,18,1013,86,47,10/20/2022
1388,21,10,2022,33,19,1015,86,50,10/21/2022
1389,22,10,2022,33,18,1015,84,52,10/22/2022
1390,23,10,2022,33,18,1014,90,48,10/23/2022
1391,24,10,2022,31,18,1010,90,50,10/24/2022
1392,25,10,2022,31,17,1009,87,46,10/25/2022
1393,26,10,2022,32,16,1012,94,50,10/26/2022
1394,27,10,2022,33,18,1012,88,50,10/27/2022
1395,28,10,2022,33,18,1012,87,55,10/28/2022
1396,29,10,2022,33,19,1013,88,52,10/29/2022
1397,30,10,2022,31,17,1013,94,56,10/30/2022
1398,31,10,2022,31,17,1013,93,66,10/31/2022
1399,1,11,2022,31,17,1013,90,60,11/1/2022
1400,2,11,2022,31,18,1012,89,46,11/2/2022
1401,3,11,2022,33,18,1011,86,55,11/3/2022
1402,4,11,2022,32,18,1012,91,50,11/4/2022
1403,5,11,2022,34,19,1014,90,56,11/5/2022
1404,6,11,2022,33,19,1014,93,62,11/6/2022
1405,7,11,2022,33,19,1014,91,59,11/7/2022
1406,8,11,2022,32,18,1014,88,56,11/8/2022
1407,9,11,2022,32,20,1014,85,60,11/9/2022
1408,10,11,2022,29,19,1015,94,60,11/10/2022
1409,11,11,2022,29,17,1016,92,50,11/11/2022
1410,12,11,2022,29,16,1016,90,54,11/12/2022
1411,13,11,2022,28,15,1015,92,50,11/13/2022
1412,14,11,2022,29,14,1015,90,52,11/14/2022
1413,15,11,2022,31,15,1014,92,54,11/15/2022
1414,16,11,2022,30,15,1013,91,58,11/16/2022
1415,17,11,2022,28,13,1014,84,44,11/17/2022
1416,18,11,2022,27,12,1015,90,43,11/18/2022
1417,19,11,2022,27,12,1016,92,48,11/19/2022
1418,20,11,2022,26,12,1014,94,60,11/20/2022
1419,21,11,2022,27,13,1013,93,52,11/21/2022
1420,22,11,2022,28,12,1014,94,49,11/22/2022
1421,23,11,2022,28,12,1013,94,32,11/23/2022
1422,24,11,2022,27,11,1014,90,43,11/24/2022
1423,25,11,2022,27,11,1016,90,50,11/25/2022
1424,26,11,2022,28,11,1013,92,48,11/26/2022
1425,27,11,2022,27,11,1012,90,52,11/27/2022
1426,28,11,2022,27,11,1013,92,54,11/28/2022
1427,29,11,2022,27,12,1014,93,54,11/29/2022
1428,30,11,2022,27,10,1016,97,56,11/30/2022
1429,1,12,2022,25,11,1015,94,59,12/1/2022
1430,2,12,2022,25,11,1014,98,56,12/2/2022
1431,3,12,2022,25,11,1015,94,60,12/3/2022
1432,4,12,2022,26,11,1015,95,60,12/4/2022
1433,5,12,2022,25,11,1017,95,56,12/5/2022
1434,6,12,2022,24,10,1016,96,56,12/6/2022
1435,7,12,2022,24,9,1015,94,51,12/7/2022
1436,8,12,2022,26,9,1016,95,50,12/8/2022
1437,9,12,2022,26,10,1015,94,55,12/9/2022
1438,10,12,2022,26,11,1015,94,60,12/10/2022
1439,11,12,2022,26,11,1015,94,58,12/11/2022
1440,12,12,2022,27,12,1014,95,49,12/12/2022
1441,13,12,2022,28,13,1016,90,48,12/13/2022
1442,14,12,2022,26,12,1016,84,48,12/14/2022
1443,15,12,2022,25,11,1015,92,49,12/15/2022
1444,16,12,2022,25,10,1014,94,53,12/16/2022
1445,17,12,2022,26,9,1015,95,43,12/17/2022
1446,18,12,2022,25,9,1015,100,58,12/18/2022
1447,19,12,2022,23,9,1014,96,54,12/19/2022
1448,20,12,2022,25,9,1014,96,56,12/20/2022
1449,21,12,2022,25,9,1014,95,54,12/21/2022
1450,22,12,2022,24,11,1014,90,49,12/22/2022
1451,23,12,2022,23,10,1013,95,56,12/23/2022
1452,24,12,2022,23,10,1014,96,61,12/24/2022
1453,25,12,2022,21,8,1016,86,45,12/25/2022
1454,26,12,2022,21,5,1018,96,56,12/26/2022
1455,27,12,2022,20,7,1018,97,60,12/27/2022
1456,28,12,2022,21,8,1018,96,44,12/28/2022
1457,29,12,2022,24,9,1018,92,51,12/29/2022
1458,30,12,2022,26,11,1018,94,56,12/30/2022
1459,31,12,2022,26,10,1019,97,79,12/31/2022
1460,1,1,2023,16,8,1020,97,69,1/1/2023
1461,2,1,2023,20,9,1021,98,76,1/2/2023
1462,3,1,2023,17,6,1023,94,74,1/3/2023
1463,4,1,2023,14,6,1023,98,74,1/4/2023
1464,5,1,2023,14,5,1024,98,74,1/5/2023
1465,6,1,2023,14,4,1024,95,76,1/6/2023
1466,7,1,2023,14,3,1022,96,51,1/7/2023
1467,8,1,2023,18,5,1019,94,52,1/8/2023
1468,9,1,2023,23,6,1020,94,64,1/9/2023
1469,10,1,2023,21,8,1019,92,58,1/10/2023
1470,11,1,2023,24,9,1014,94,61,1/11/2023
1471,12,1,2023,24,12,1012,95,76,1/12/2023
1472,13,1,2023,19,13,1012,94,60,1/13/2023
1473,14,1,2023,24,9,1016,95,72,1/14/2023
1474,15,1,2023,18,6,1016,92,41,1/15/2023
1475,16,1,2023,18,4,1017,89,47,1/16/2023
1476,17,1,2023,18,6,1018,89,48,1/17/2023
1477,18,1,2023,19,4,1019,92,45,1/18/2023
1478,19,1,2023,20,5,1019,94,48,1/19/2023
1479,20,1,2023,21,6,1017,92,56,1/20/2023
1480,21,1,2023,21,8,1016,93,62,1/21/2023
1481,22,1,2023,22,9,1015,96,64,1/22/2023
1482,23,1,2023,21,11,1014,94,74,1/23/2023
1483,24,1,2023,19,13,1013,97,68,1/24/2023
1484,25,1,2023,22,16,1014,98,96,1/25/2023
1485,26,1,2023,17,13,1017,98,88,1/26/2023
1486,27,1,2023,18,9,1018,92,56,1/27/2023
1487,28,1,2023,20,8,1015,93,42,1/28/2023
1488,29,1,2023,22,11,1014,92,56,1/29/2023
1489,30,1,2023,25,11,1017,96,80,1/30/2023
1490,31,1,2023,23,8,1018,98,70,1/31/2023
1491,1,2,2023,23,8,1018,96,56,2/1/2023
1492,2,2,2023,22,8,1017,92,48,2/2/2023
1493,3,2,2023,24,9,1016,92,46,2/3/2023
1494,4,2,2023,25,10,1014,92,44,2/4/2023
1495,5,2,2023,27,11,1012,91,46,2/5/2023
1496,6,2,2023,27,13,1011,89,50,2/6/2023
1497,7,2,2023,29,10,1011,90,46,2/7/2023
1498,8,2,2023,28,9,1014,92,38,2/8/2023
1499,9,2,2023,26,13,1013,88,39,2/9/2023
1500,10,2,2023,28,16,1011,84,36,2/10/2023
1501,11,2,2023,31,12,1012,79,40,2/11/2023
1502,12,2,2023,30,10,1017,87,30,2/12/2023
1503,13,2,2023,27,9,1016,66,24,2/13/2023
1504,14,2,2023,25,11,1016,78,34,2/14/2023
1505,15,2,2023,27,11,1013,88,36,2/15/2023
1506,16,2,2023,29,12,1014,84,41,2/16/2023
1507,17,2,2023,30,12,1015,87,48,2/17/2023
1508,18,2,2023,29,13,1014,90,44,2/18/2023
1509,19,2,2023,29,14,1013,91,45,2/19/2023
1510,20,2,2023,31,16,1008,89,27,2/20/2023
1511,21,2,2023,34,16,1010,82,28,2/21/2023
1512,22,2,2023,34,15,1011,82,43,2/22/2023
1513,23,2,2023,32,15,1012,76,40,2/23/2023
1514,24,2,2023,31,15,1014,84,37,2/24/2023
1515,25,2,2023,31,15,1016,84,33,2/25/2023
1516,26,2,2023,31,16,1017,83,36,2/26/2023
1517,27,2,2023,32,16,1016,82,31,2/27/2023
1518,28,2,2023,33,17,1016,82,32,2/28/2023
,,,,33,16,,,,
